{"cameraMode":{"drawMode":0,"name":"Shaded","section":"Shading Mode"},"sceneLighting":false,"audioPlay":false,"sceneViewState":{"m_AlwaysRefresh":false,"showFog":true,"showSkybox":false,"showFlares":true,"showImageEffects":true,"showParticleSystems":true,"showVisualEffectGraphs":true,"m_FxEnabled":true},"in2DMode":false,"pivot":{"x":-0.3874976634979248,"y":0.8080398440361023,"z":0.5305617451667786},"rotation":{"x":-0.07025319337844849,"y":0.7123965620994568,"z":-0.07206102460622788,"w":-0.6945293545722961},"size":0.5579843521118164,"orthographic":false}